Date,Close
9/29/2023,171.21
9/28/2023,170.69
9/27/2023,170.43
9/26/2023,171.96
9/25/2023,176.08
9/24/2023,
9/23/2023,
9/22/2023,174.79
9/21/2023,173.93
9/20/2023,175.49
9/19/2023,179.07
9/18/2023,177.97
9/17/2023,
9/16/2023,
9/15/2023,175.01
9/14/2023,175.74
9/13/2023,174.21
9/12/2023,176.3
9/11/2023,179.36
9/10/2023,
9/9/2023,
9/8/2023,178.18
9/7/2023,177.56
9/6/2023,182.91
9/5/2023,189.7
9/4/2023,
9/3/2023,
9/2/2023,
9/1/2023,189.46
8/31/2023,187.87
8/30/2023,187.65
8/29/2023,184.12
8/28/2023,180.19
8/27/2023,
8/26/2023,
8/25/2023,178.61
8/24/2023,176.38
8/23/2023,181.12
8/22/2023,177.23
8/21/2023,175.84
8/20/2023,
8/19/2023,
8/18/2023,174.49
8/17/2023,174
8/16/2023,176.57
8/15/2023,177.45
8/14/2023,179.46
8/13/2023,
8/12/2023,
8/11/2023,177.79
8/10/2023,177.97
8/9/2023,178.19
8/8/2023,179.8
8/7/2023,178.85
8/6/2023,
8/5/2023,
8/4/2023,181.99
8/3/2023,191.17
8/2/2023,192.58
8/1/2023,195.605
7/31/2023,196.45
7/30/2023,
7/29/2023,
7/28/2023,195.83
7/27/2023,193.22
7/26/2023,194.5
7/25/2023,193.62
7/24/2023,192.75
7/23/2023,
7/22/2023,
7/21/2023,191.94
7/20/2023,193.13
7/19/2023,195.1
7/18/2023,193.73
7/17/2023,193.99
7/16/2023,
7/15/2023,
7/14/2023,190.69
7/13/2023,190.54
7/12/2023,189.77
7/11/2023,188.08
7/10/2023,188.61
7/9/2023,
7/8/2023,
7/7/2023,190.68
7/6/2023,191.81
7/5/2023,191.33
7/4/2023,
7/3/2023,192.46
7/2/2023,
7/1/2023,
6/30/2023,193.97
6/29/2023,189.59
6/28/2023,189.25
6/27/2023,188.06
6/26/2023,185.27
6/25/2023,
6/24/2023,
6/23/2023,186.68
6/22/2023,187
6/21/2023,183.96
6/20/2023,185.01
6/19/2023,
6/18/2023,
6/17/2023,
6/16/2023,184.92
6/15/2023,186.01
6/14/2023,183.95
6/13/2023,183.31
6/12/2023,183.79
6/11/2023,
6/10/2023,
6/9/2023,180.96
6/8/2023,180.57
6/7/2023,177.82
6/6/2023,179.21
6/5/2023,179.58
6/4/2023,
6/3/2023,
6/2/2023,180.95
6/1/2023,180.09
5/31/2023,177.25
5/30/2023,177.3
5/29/2023,
5/28/2023,
5/27/2023,
5/26/2023,175.43
5/25/2023,172.99
5/24/2023,171.84
5/23/2023,171.56
5/22/2023,174.2
5/21/2023,
5/20/2023,
5/19/2023,175.16
5/18/2023,175.05
5/17/2023,172.69
5/16/2023,172.07
5/15/2023,172.07
5/14/2023,
5/13/2023,
5/12/2023,172.57
5/11/2023,173.75
5/10/2023,173.555
5/9/2023,171.77
5/8/2023,173.5
5/7/2023,
5/6/2023,
5/5/2023,173.57
5/4/2023,165.79
5/3/2023,167.45
5/2/2023,168.54
5/1/2023,169.59
4/30/2023,
4/29/2023,
4/28/2023,169.68
4/27/2023,168.41
4/26/2023,163.76
4/25/2023,163.77
4/24/2023,165.33
4/23/2023,
4/22/2023,
4/21/2023,165.02
4/20/2023,166.65
4/19/2023,167.63
4/18/2023,166.47
4/17/2023,165.23
4/16/2023,
4/15/2023,
4/14/2023,165.21
4/13/2023,165.56
4/12/2023,160.1
4/11/2023,160.8
4/10/2023,162.03
4/9/2023,
4/8/2023,
4/7/2023,
4/6/2023,164.66
4/5/2023,163.76
4/4/2023,165.63
4/3/2023,166.17
4/2/2023,
4/1/2023,
3/31/2023,164.9
3/30/2023,162.36
3/29/2023,160.77
3/28/2023,157.65
3/27/2023,158.28
3/26/2023,
3/25/2023,
3/24/2023,160.25
3/23/2023,158.93
3/22/2023,157.83
3/21/2023,159.28
3/20/2023,157.4
3/19/2023,
3/18/2023,
3/17/2023,155
3/16/2023,155.85
3/15/2023,152.99
3/14/2023,152.59
3/13/2023,150.47
3/12/2023,
3/11/2023,
3/10/2023,148.5
3/9/2023,150.59
3/8/2023,152.87
3/7/2023,151.6
3/6/2023,153.83
3/5/2023,
3/4/2023,
3/3/2023,151.03
3/2/2023,145.91
3/1/2023,145.31
2/28/2023,147.41
2/27/2023,147.92
2/26/2023,
2/25/2023,
2/24/2023,146.71
2/23/2023,149.4
2/22/2023,148.91
2/21/2023,148.48
2/20/2023,
2/19/2023,
2/18/2023,
2/17/2023,152.55
2/16/2023,153.71
2/15/2023,155.33
2/14/2023,153.2
2/13/2023,153.85
2/12/2023,
2/11/2023,
2/10/2023,151.01
2/9/2023,150.87
2/8/2023,151.92
2/7/2023,154.65
2/6/2023,151.73
2/5/2023,
2/4/2023,
2/3/2023,154.5
2/2/2023,150.82
2/1/2023,145.43
1/31/2023,144.29
1/30/2023,143
1/29/2023,
1/28/2023,
1/27/2023,145.93
1/26/2023,143.96
1/25/2023,141.86
1/24/2023,142.53
1/23/2023,141.11
1/22/2023,
1/21/2023,
1/20/2023,137.87
1/19/2023,135.27
1/18/2023,135.21
1/17/2023,135.94
1/16/2023,
1/15/2023,
1/14/2023,
1/13/2023,134.76
1/12/2023,133.41
1/11/2023,133.49
1/10/2023,130.73
1/9/2023,130.15
1/8/2023,
1/7/2023,
1/6/2023,129.62
1/5/2023,125.02
1/4/2023,126.36
1/3/2023,125.07
1/2/2023,
1/1/2023,
12/31/2022,
12/30/2022,129.93
12/29/2022,129.61
12/28/2022,126.04
12/27/2022,130.03
12/26/2022,
12/25/2022,
12/24/2022,
12/23/2022,131.86
12/22/2022,132.23
12/21/2022,135.45
12/20/2022,132.3
12/19/2022,132.37
12/18/2022,
12/17/2022,
12/16/2022,134.51
12/15/2022,136.5
12/14/2022,143.21
12/13/2022,145.47
12/12/2022,144.49
12/11/2022,
12/10/2022,
12/9/2022,142.16
12/8/2022,142.65
12/7/2022,140.94
12/6/2022,142.91
12/5/2022,146.63
12/4/2022,
12/3/2022,
12/2/2022,147.81
12/1/2022,148.31
11/30/2022,148.03
11/29/2022,141.17
11/28/2022,144.22
11/27/2022,
11/26/2022,
11/25/2022,148.11
11/24/2022,
11/23/2022,151.07
11/22/2022,150.18
11/21/2022,148.01
11/20/2022,
11/19/2022,
11/18/2022,151.29
11/17/2022,150.72
11/16/2022,148.79
11/15/2022,150.04
11/14/2022,148.28
11/13/2022,
11/12/2022,
11/11/2022,149.7
11/10/2022,146.87
11/9/2022,134.87
11/8/2022,139.5
11/7/2022,138.92
11/6/2022,
11/5/2022,
11/4/2022,138.38
11/3/2022,138.88
11/2/2022,145.03
11/1/2022,150.65
10/31/2022,153.34
10/30/2022,
10/29/2022,
10/28/2022,155.74
10/27/2022,144.8
10/26/2022,149.35
10/25/2022,152.34
10/24/2022,149.45
10/23/2022,
10/22/2022,
10/21/2022,147.27
10/20/2022,143.39
10/19/2022,143.86
10/18/2022,143.75
10/17/2022,142.41
10/16/2022,
10/15/2022,
10/14/2022,138.38
10/13/2022,142.99
10/12/2022,138.34
10/11/2022,138.98
10/10/2022,140.42
10/9/2022,
10/8/2022,
10/7/2022,140.09
10/6/2022,145.43
10/5/2022,146.4
10/4/2022,146.1
10/3/2022,142.45
10/2/2022,
10/1/2022,
9/30/2022,138.2
9/29/2022,142.48
9/28/2022,149.84
9/27/2022,151.76
9/26/2022,150.77
9/25/2022,
9/24/2022,
9/23/2022,150.43
9/22/2022,152.74
9/21/2022,153.72
9/20/2022,156.9
9/19/2022,154.48
9/18/2022,
9/17/2022,
9/16/2022,150.7
9/15/2022,152.37
9/14/2022,155.31
9/13/2022,153.84
9/12/2022,163.43
9/11/2022,
9/10/2022,
9/9/2022,157.37
9/8/2022,154.46
9/7/2022,155.96
9/6/2022,154.53
9/5/2022,
9/4/2022,
9/3/2022,
9/2/2022,155.81
9/1/2022,157.96
8/31/2022,157.22
8/30/2022,158.91
8/29/2022,161.38
8/28/2022,
8/27/2022,
8/26/2022,163.62
8/25/2022,170.03
8/24/2022,167.53
8/23/2022,167.23
8/22/2022,167.57
8/21/2022,
8/20/2022,
8/19/2022,171.52
8/18/2022,174.15
8/17/2022,174.55
8/16/2022,173.03
8/15/2022,173.19
8/14/2022,
8/13/2022,
8/12/2022,172.1
8/11/2022,168.49
8/10/2022,169.24
8/9/2022,164.92
8/8/2022,164.87
8/7/2022,
8/6/2022,
8/5/2022,165.35
8/4/2022,165.81
8/3/2022,166.13
8/2/2022,160.01
8/1/2022,161.51
7/31/2022,
7/30/2022,
7/29/2022,162.51
7/28/2022,157.35
7/27/2022,156.79
7/26/2022,151.6
7/25/2022,152.95
7/24/2022,
7/23/2022,
7/22/2022,154.09
7/21/2022,155.35
7/20/2022,153.04
7/19/2022,151
7/18/2022,147.07
7/17/2022,
7/16/2022,
7/15/2022,150.17
7/14/2022,148.47
7/13/2022,145.49
7/12/2022,145.86
7/11/2022,144.87
7/10/2022,
7/9/2022,
7/8/2022,147.04
7/7/2022,146.35
7/6/2022,142.92
7/5/2022,141.56
7/4/2022,
7/3/2022,
7/2/2022,
7/1/2022,138.93
6/30/2022,136.72
6/29/2022,139.23
6/28/2022,137.44
6/27/2022,141.66
6/26/2022,
6/25/2022,
6/24/2022,141.66
6/23/2022,138.27
6/22/2022,135.35
6/21/2022,135.87
6/20/2022,
6/19/2022,
6/18/2022,
6/17/2022,131.56
6/16/2022,130.06
6/15/2022,135.43
6/14/2022,132.76
6/13/2022,131.88
6/12/2022,
6/11/2022,
6/10/2022,137.13
6/9/2022,142.64
6/8/2022,147.96
6/7/2022,148.71
6/6/2022,146.14
6/5/2022,
6/4/2022,
6/3/2022,145.38
6/2/2022,151.21
6/1/2022,148.71
5/31/2022,148.84
5/30/2022,
5/29/2022,
5/28/2022,
5/27/2022,149.64
5/26/2022,143.78
5/25/2022,140.52
5/24/2022,140.36
5/23/2022,143.11
5/22/2022,
5/21/2022,
5/20/2022,137.59
5/19/2022,137.35
5/18/2022,140.82
5/17/2022,149.24
5/16/2022,145.54
5/15/2022,
5/14/2022,
5/13/2022,147.11
5/12/2022,142.56
5/11/2022,146.5
5/10/2022,154.51
5/9/2022,152.06
5/8/2022,
5/7/2022,
5/6/2022,157.28
5/5/2022,156.77
5/4/2022,166.02
5/3/2022,159.48
5/2/2022,157.96
5/1/2022,
4/30/2022,
4/29/2022,157.65
4/28/2022,163.64
4/27/2022,156.57
4/26/2022,156.8
4/25/2022,162.88
4/24/2022,
4/23/2022,
4/22/2022,161.79
4/21/2022,166.42
4/20/2022,167.23
4/19/2022,167.4
4/18/2022,165.07
4/17/2022,
4/16/2022,
4/15/2022,
4/14/2022,165.29
4/13/2022,170.4
4/12/2022,167.66
4/11/2022,165.75
4/10/2022,
4/9/2022,
4/8/2022,170.09
4/7/2022,172.14
4/6/2022,171.83
4/5/2022,175.06
4/4/2022,178.44
4/3/2022,
4/2/2022,
4/1/2022,174.31
3/31/2022,174.61
3/30/2022,177.77
3/29/2022,178.96
3/28/2022,175.6
3/27/2022,
3/26/2022,
3/25/2022,174.72
3/24/2022,174.07
3/23/2022,170.21
3/22/2022,168.82
3/21/2022,165.38
3/20/2022,
3/19/2022,
3/18/2022,163.98
3/17/2022,160.62
3/16/2022,159.59
3/15/2022,155.09
3/14/2022,150.62
3/13/2022,
3/12/2022,
3/11/2022,154.73
3/10/2022,158.52
3/9/2022,162.95
3/8/2022,157.44
3/7/2022,159.3
3/6/2022,
3/5/2022,
3/4/2022,163.17
3/3/2022,166.23
3/2/2022,166.56
3/1/2022,163.2
2/28/2022,165.12
2/27/2022,
2/26/2022,
2/25/2022,164.85
2/24/2022,162.74
2/23/2022,160.07
2/22/2022,164.32
2/21/2022,
2/20/2022,
2/19/2022,
2/18/2022,167.3
2/17/2022,168.88
2/16/2022,172.55
2/15/2022,172.79
2/14/2022,168.88
2/13/2022,
2/12/2022,
2/11/2022,168.64
2/10/2022,172.12
2/9/2022,176.28
2/8/2022,174.83
2/7/2022,171.66
2/6/2022,
2/5/2022,
2/4/2022,172.39
2/3/2022,172.9
2/2/2022,175.84
2/1/2022,174.61
1/31/2022,174.78
1/30/2022,
1/29/2022,
1/28/2022,170.33
1/27/2022,159.22
1/26/2022,159.69
1/25/2022,159.78
1/24/2022,161.62
1/23/2022,
1/22/2022,
1/21/2022,162.41
1/20/2022,164.51
1/19/2022,166.23
1/18/2022,169.8
1/17/2022,
1/16/2022,
1/15/2022,
1/14/2022,173.07
1/13/2022,172.19
1/12/2022,175.53
1/11/2022,175.08
1/10/2022,172.19
1/9/2022,
1/8/2022,
1/7/2022,172.17
1/6/2022,172
1/5/2022,174.92
1/4/2022,179.7
1/3/2022,182.01
1/2/2022,
1/1/2022,
12/31/2021,177.57
12/30/2021,178.2
12/29/2021,179.38
12/28/2021,179.29
12/27/2021,180.33
12/26/2021,
12/25/2021,
12/24/2021,
12/23/2021,176.28
12/22/2021,175.64
12/21/2021,172.99
12/20/2021,169.75
12/19/2021,
12/18/2021,
12/17/2021,171.14
12/16/2021,172.26
12/15/2021,179.3
12/14/2021,174.33
12/13/2021,175.74
12/12/2021,
12/11/2021,
12/10/2021,179.45
12/9/2021,174.56
12/8/2021,175.08
12/7/2021,171.18
12/6/2021,165.32
12/5/2021,
12/4/2021,
12/3/2021,161.84
12/2/2021,163.76
12/1/2021,164.77
11/30/2021,165.3
11/29/2021,160.24
11/28/2021,
11/27/2021,
11/26/2021,156.81
11/25/2021,
11/24/2021,161.94
11/23/2021,161.41
11/22/2021,161.02
11/21/2021,
11/20/2021,
11/19/2021,160.55
11/18/2021,157.87
11/17/2021,153.49
11/16/2021,151
11/15/2021,150
11/14/2021,
11/13/2021,
11/12/2021,149.99
11/11/2021,147.87
11/10/2021,147.92
11/9/2021,150.81
11/8/2021,150.44
11/7/2021,
11/6/2021,
11/5/2021,151.28
11/4/2021,150.96
11/3/2021,151.49
11/2/2021,150.02
11/1/2021,148.96
10/31/2021,
10/30/2021,
10/29/2021,149.8
10/28/2021,152.57
10/27/2021,148.85
10/26/2021,149.32
10/25/2021,148.64
10/24/2021,
10/23/2021,
10/22/2021,148.69
10/21/2021,149.48
10/20/2021,149.26
10/19/2021,148.76
10/18/2021,146.55
10/17/2021,
10/16/2021,
10/15/2021,144.84
10/14/2021,143.76
10/13/2021,140.91
10/12/2021,141.51
10/11/2021,142.81
10/10/2021,
10/9/2021,
10/8/2021,142.9
10/7/2021,143.29
10/6/2021,142
10/5/2021,141.11
10/4/2021,139.14
10/3/2021,
10/2/2021,
10/1/2021,142.65
9/30/2021,141.5
9/29/2021,142.83
9/28/2021,141.91
9/27/2021,145.37
9/26/2021,
9/25/2021,
9/24/2021,146.92
9/23/2021,146.83
9/22/2021,145.85
9/21/2021,143.43
9/20/2021,142.94
9/19/2021,
9/18/2021,
9/17/2021,146.06
9/16/2021,148.79
9/15/2021,149.03
9/14/2021,148.12
9/13/2021,149.55
9/12/2021,
9/11/2021,
9/10/2021,148.97
9/9/2021,154.07
9/8/2021,155.11
9/7/2021,156.69
9/6/2021,
9/5/2021,
9/4/2021,
9/3/2021,154.3
9/2/2021,153.65
9/1/2021,152.51
8/31/2021,151.83
8/30/2021,153.12
8/29/2021,
8/28/2021,
8/27/2021,148.6
8/26/2021,147.54
8/25/2021,148.36
8/24/2021,149.62
8/23/2021,149.71
8/22/2021,
8/21/2021,
8/20/2021,148.19
8/19/2021,146.7
8/18/2021,146.36
8/17/2021,150.19
8/16/2021,151.12
8/15/2021,
8/14/2021,
8/13/2021,149.1
8/12/2021,148.89
8/11/2021,145.86
8/10/2021,145.6
8/9/2021,146.09
8/8/2021,
8/7/2021,
8/6/2021,146.14
8/5/2021,147.06
8/4/2021,146.95
8/3/2021,147.36
8/2/2021,145.52
8/1/2021,
7/31/2021,
7/30/2021,145.86
7/29/2021,145.64
7/28/2021,144.98
7/27/2021,146.77
7/26/2021,148.99
7/25/2021,
7/24/2021,
7/23/2021,148.56
7/22/2021,146.8
7/21/2021,145.4
7/20/2021,146.15
7/19/2021,142.45
7/18/2021,
7/17/2021,
7/16/2021,146.39
7/15/2021,148.48
7/14/2021,149.15
7/13/2021,145.64
7/12/2021,144.5
7/11/2021,
7/10/2021,
7/9/2021,145.11
7/8/2021,143.24
7/7/2021,144.57
7/6/2021,142.02
7/5/2021,
7/4/2021,
7/3/2021,
7/2/2021,139.96
7/1/2021,137.27
6/30/2021,136.96
6/29/2021,136.33
6/28/2021,134.78
6/27/2021,
6/26/2021,
6/25/2021,133.11
6/24/2021,133.41
6/23/2021,133.7
6/22/2021,133.98
6/21/2021,132.3
6/20/2021,
6/19/2021,
6/18/2021,130.46
6/17/2021,131.79
6/16/2021,130.15
6/15/2021,129.64
6/14/2021,130.48
6/13/2021,
6/12/2021,
6/11/2021,127.35
6/10/2021,126.11
6/9/2021,127.13
6/8/2021,126.74
6/7/2021,125.9
6/6/2021,
6/5/2021,
6/4/2021,125.89
6/3/2021,123.54
6/2/2021,125.06
6/1/2021,124.28
5/31/2021,
5/30/2021,
5/29/2021,
5/28/2021,124.61
5/27/2021,125.28
5/26/2021,126.85
5/25/2021,126.9
5/24/2021,127.1
5/23/2021,
5/22/2021,
5/21/2021,125.43
5/20/2021,127.31
5/19/2021,124.69
5/18/2021,124.85
5/17/2021,126.27
5/16/2021,
5/15/2021,
5/14/2021,127.45
5/13/2021,124.97
5/12/2021,122.77
5/11/2021,125.91
5/10/2021,126.85
5/9/2021,
5/8/2021,
5/7/2021,130.21
5/6/2021,129.74
5/5/2021,128.1
5/4/2021,127.85
5/3/2021,132.54
5/2/2021,
5/1/2021,
4/30/2021,131.46
4/29/2021,133.48
4/28/2021,133.58
4/27/2021,134.39
4/26/2021,134.72
4/25/2021,
4/24/2021,
4/23/2021,134.32
4/22/2021,131.94
4/21/2021,133.5
4/20/2021,133.11
4/19/2021,134.84
4/18/2021,
4/17/2021,
4/16/2021,134.16
4/15/2021,134.5
4/14/2021,132.03
4/13/2021,134.43
4/12/2021,131.24
4/11/2021,
4/10/2021,
4/9/2021,132.995
4/8/2021,130.36
4/7/2021,127.9
4/6/2021,126.21
4/5/2021,125.9
4/4/2021,
4/3/2021,
4/2/2021,
4/1/2021,123
3/31/2021,122.15
3/30/2021,119.9
3/29/2021,121.39
3/28/2021,
3/27/2021,
3/26/2021,121.21
3/25/2021,120.59
3/24/2021,120.09
3/23/2021,122.54
3/22/2021,123.39
3/21/2021,
3/20/2021,
3/19/2021,119.99
3/18/2021,120.53
3/17/2021,124.76
3/16/2021,125.57
3/15/2021,123.99
3/14/2021,
3/13/2021,
3/12/2021,121.03
3/11/2021,121.96
3/10/2021,119.98
3/9/2021,121.085
3/8/2021,116.36
3/7/2021,
3/6/2021,
3/5/2021,121.42
3/4/2021,120.13
3/3/2021,122.06
3/2/2021,125.12
3/1/2021,127.79
2/28/2021,
2/27/2021,
2/26/2021,121.26
2/25/2021,120.99
2/24/2021,125.35
2/23/2021,125.86
2/22/2021,126
2/21/2021,
2/20/2021,
2/19/2021,129.87
2/18/2021,129.71
2/17/2021,130.84
2/16/2021,133.19
2/15/2021,
2/14/2021,
2/13/2021,
2/12/2021,135.37
2/11/2021,135.13
2/10/2021,135.39
2/9/2021,136.01
2/8/2021,136.91
2/7/2021,
2/6/2021,
2/5/2021,136.76
2/4/2021,137.39
2/3/2021,133.94
2/2/2021,134.99
2/1/2021,134.14
1/31/2021,
1/30/2021,
1/29/2021,131.96
1/28/2021,137.09
1/27/2021,142.06
1/26/2021,143.16
1/25/2021,142.92
1/24/2021,
1/23/2021,
1/22/2021,139.07
1/21/2021,136.87
1/20/2021,132.03
1/19/2021,127.83
1/18/2021,
1/17/2021,
1/16/2021,
1/15/2021,127.14
1/14/2021,128.91
1/13/2021,130.89
1/12/2021,128.8
1/11/2021,128.98
1/10/2021,
1/9/2021,
1/8/2021,132.05
1/7/2021,130.92
1/6/2021,126.6
1/5/2021,131.01
1/4/2021,129.41
1/3/2021,
1/2/2021,
1/1/2021,
12/31/2020,132.69
12/30/2020,133.72
12/29/2020,134.87
12/28/2020,136.69
12/27/2020,
12/26/2020,
12/25/2020,
12/24/2020,131.97
12/23/2020,130.96
12/22/2020,131.88
12/21/2020,128.23
12/20/2020,
12/19/2020,
12/18/2020,126.655
12/17/2020,128.7
12/16/2020,127.81
12/15/2020,127.88
12/14/2020,121.78
12/13/2020,
12/12/2020,
12/11/2020,122.41
12/10/2020,123.24
12/9/2020,121.78
12/8/2020,124.38
12/7/2020,123.75
12/6/2020,
12/5/2020,
12/4/2020,122.25
12/3/2020,122.94
12/2/2020,123.08
12/1/2020,122.72
11/30/2020,119.05
11/29/2020,
11/28/2020,
11/27/2020,116.59
11/26/2020,
11/25/2020,116.03
11/24/2020,115.17
11/23/2020,113.85
11/22/2020,
11/21/2020,
11/20/2020,117.34
11/19/2020,118.64
11/18/2020,118.03
11/17/2020,119.39
11/16/2020,120.3
11/15/2020,
11/14/2020,
11/13/2020,119.26
11/12/2020,119.21
11/11/2020,119.49
11/10/2020,115.97
11/9/2020,116.32
11/8/2020,
11/7/2020,
11/6/2020,118.69
11/5/2020,119.03
11/4/2020,114.95
11/3/2020,110.44
11/2/2020,108.77
11/1/2020,
10/31/2020,
10/30/2020,108.86
10/29/2020,115.32
10/28/2020,111.2
10/27/2020,116.6
10/26/2020,115.05
10/25/2020,
10/24/2020,
10/23/2020,115.04
10/22/2020,115.75
10/21/2020,116.87
10/20/2020,117.51
10/19/2020,115.98
10/18/2020,
10/17/2020,
10/16/2020,119.02
10/15/2020,120.71
10/14/2020,121.19
10/13/2020,121.1
10/12/2020,124.4
10/11/2020,
10/10/2020,
10/9/2020,116.97
10/8/2020,114.97
10/7/2020,115.08
10/6/2020,113.16
10/5/2020,116.5
10/4/2020,
10/3/2020,
10/2/2020,113.02
10/1/2020,116.79
9/30/2020,115.81
9/29/2020,114.09
9/28/2020,114.96
9/27/2020,
9/26/2020,
9/25/2020,112.28
9/24/2020,108.22
9/23/2020,107.12
9/22/2020,111.81
9/21/2020,110.08
9/20/2020,
9/19/2020,
9/18/2020,106.84
9/17/2020,110.34
9/16/2020,112.13
9/15/2020,115.54
9/14/2020,115.355
9/13/2020,
9/12/2020,
9/11/2020,112
9/10/2020,113.49
9/9/2020,117.32
9/8/2020,112.82
9/7/2020,
9/6/2020,
9/5/2020,
9/4/2020,120.96
9/3/2020,120.88
9/2/2020,131.4
9/1/2020,134.18
8/31/2020,129.04
8/30/2020,
8/29/2020,
8/28/2020,124.8075
8/27/2020,125.01
8/26/2020,126.5225
8/25/2020,124.825
8/24/2020,125.8575
8/23/2020,
8/22/2020,
8/21/2020,124.37
8/20/2020,118.275
8/19/2020,115.7075
8/18/2020,115.5625
8/17/2020,114.6075
8/16/2020,
8/15/2020,
8/14/2020,114.9075
8/13/2020,115.01
8/12/2020,113.01
8/11/2020,109.375
8/10/2020,112.7275
8/9/2020,
8/8/2020,
8/7/2020,111.1125
8/6/2020,113.9025
8/5/2020,110.0625
8/4/2020,109.665
8/3/2020,108.9375
8/2/2020,
8/1/2020,
7/31/2020,106.26
7/30/2020,96.19
7/29/2020,95.04
7/28/2020,93.2525
7/27/2020,94.81
7/26/2020,
7/25/2020,
7/24/2020,92.615
7/23/2020,92.845
7/22/2020,97.2725
7/21/2020,97
7/20/2020,98.3575
7/19/2020,
7/18/2020,
7/17/2020,96.3275
7/16/2020,96.5225
7/15/2020,97.725
7/14/2020,97.0575
7/13/2020,95.4775
7/12/2020,
7/11/2020,
7/10/2020,95.92
7/9/2020,95.6825
7/8/2020,95.3425
7/7/2020,93.1725
7/6/2020,93.4625
7/5/2020,
7/4/2020,
7/3/2020,
7/2/2020,91.0275
7/1/2020,91.0275
6/30/2020,91.2
6/29/2020,90.445
6/28/2020,
6/27/2020,
6/26/2020,88.4075
6/25/2020,91.21
6/24/2020,90.015
6/23/2020,91.6325
6/22/2020,89.7175
6/21/2020,
6/20/2020,
6/19/2020,87.43
6/18/2020,87.9325
6/17/2020,87.8975
6/16/2020,88.02
6/15/2020,85.7475
6/14/2020,
6/13/2020,
6/12/2020,84.7
6/11/2020,83.975
6/10/2020,88.21
6/9/2020,85.9975
6/8/2020,83.365
6/7/2020,
6/6/2020,
6/5/2020,82.875
6/4/2020,80.58
6/3/2020,81.28
6/2/2020,80.835
6/1/2020,80.4625
5/31/2020,
5/30/2020,
5/29/2020,79.485
5/28/2020,79.5625
5/27/2020,79.5275
5/26/2020,79.1825
5/25/2020,
5/24/2020,
5/23/2020,
5/22/2020,79.7225
5/21/2020,79.2125
5/20/2020,79.8075
5/19/2020,78.285
5/18/2020,78.74
5/17/2020,
5/16/2020,
5/15/2020,76.9275
5/14/2020,77.385
5/13/2020,76.9125
5/12/2020,77.8525
5/11/2020,78.7525
5/10/2020,
5/9/2020,
5/8/2020,77.5325
5/7/2020,75.935
5/6/2020,75.1575
5/5/2020,74.39
5/4/2020,73.29
5/3/2020,
5/2/2020,
5/1/2020,72.2675
4/30/2020,73.45
4/29/2020,71.9325
4/28/2020,69.645
4/27/2020,70.7925
4/26/2020,
4/25/2020,
4/24/2020,70.7425
4/23/2020,68.7575
4/22/2020,69.025
4/21/2020,67.0925
4/20/2020,69.2325
4/19/2020,
4/18/2020,
4/17/2020,70.7
4/16/2020,71.6725
4/15/2020,71.1075
4/14/2020,71.7625
4/13/2020,68.3125
4/12/2020,
4/11/2020,
4/10/2020,
4/9/2020,66.9975
4/8/2020,66.5175
4/7/2020,64.8575
4/6/2020,65.6175
4/5/2020,
4/4/2020,
4/3/2020,60.3525
4/2/2020,61.2325
4/1/2020,60.2275
3/31/2020,63.5725
3/30/2020,63.7025
3/29/2020,
3/28/2020,
3/27/2020,61.935
3/26/2020,64.61
3/25/2020,61.38
3/24/2020,61.72
3/23/2020,56.0925
3/22/2020,
3/21/2020,
3/20/2020,57.31
3/19/2020,61.195
3/18/2020,61.6675
3/17/2020,63.215
3/16/2020,60.5525
3/15/2020,
3/14/2020,
3/13/2020,69.4925
3/12/2020,62.0575
3/11/2020,68.8575
3/10/2020,71.335
3/9/2020,66.5425
3/8/2020,
3/7/2020,
3/6/2020,72.2575
3/5/2020,73.23
3/4/2020,75.685
3/3/2020,72.33
3/2/2020,74.7025
3/1/2020,
2/29/2020,
2/28/2020,68.34
2/27/2020,68.38
2/26/2020,73.1625
2/25/2020,72.02
2/24/2020,74.545
2/23/2020,
2/22/2020,
2/21/2020,78.2625
2/20/2020,80.075
2/19/2020,80.905
2/18/2020,79.75
2/17/2020,
2/16/2020,
2/15/2020,
2/14/2020,81.2375
2/13/2020,81.2175
2/12/2020,81.8
2/11/2020,79.9025
2/10/2020,80.3875
2/9/2020,
2/8/2020,
2/7/2020,80.0075
2/6/2020,81.3025
2/5/2020,80.3625
2/4/2020,79.7125
2/3/2020,77.165
2/2/2020,
2/1/2020,
1/31/2020,77.3775
1/30/2020,80.9675
1/29/2020,81.085
1/28/2020,79.4225
1/27/2020,77.2375
1/26/2020,
1/25/2020,
1/24/2020,79.5775
1/23/2020,79.8075
1/22/2020,79.425
1/21/2020,79.1425
1/20/2020,
1/19/2020,
1/18/2020,
1/17/2020,79.6825
1/16/2020,78.81
1/15/2020,77.835
1/14/2020,78.17
1/13/2020,79.24
1/12/2020,
1/11/2020,
1/10/2020,77.5825
1/9/2020,77.4075
1/8/2020,75.7975
1/7/2020,74.5975
1/6/2020,74.95
1/5/2020,
1/4/2020,
1/3/2020,74.3575
1/2/2020,75.0875
1/1/2020,
12/31/2019,73.4125
12/30/2019,72.88
12/29/2019,
12/28/2019,
12/27/2019,72.45
12/26/2019,72.4775
12/25/2019,
12/24/2019,71.0675
12/23/2019,71
12/22/2019,
12/21/2019,
12/20/2019,69.86
12/19/2019,70.005
12/18/2019,69.935
12/17/2019,70.1025
12/16/2019,69.965
12/15/2019,
12/14/2019,
12/13/2019,68.7875
12/12/2019,67.865
12/11/2019,67.6925
12/10/2019,67.12
12/9/2019,66.73
12/8/2019,
12/7/2019,
12/6/2019,67.6775
12/5/2019,66.395
12/4/2019,65.435
12/3/2019,64.8625
12/2/2019,66.04
12/1/2019,
11/30/2019,
11/29/2019,66.8125
11/28/2019,
11/27/2019,66.96
11/26/2019,66.0725
11/25/2019,66.5925
11/24/2019,
11/23/2019,
11/22/2019,65.445
11/21/2019,65.5025
11/20/2019,65.7975
11/19/2019,66.5725
11/18/2019,66.775
11/17/2019,
11/16/2019,
11/15/2019,66.44
11/14/2019,65.66
11/13/2019,66.1175
11/12/2019,65.49
11/11/2019,65.55
11/10/2019,
11/9/2019,
11/8/2019,65.035
11/7/2019,64.8575
11/6/2019,64.31
11/5/2019,64.2825
11/4/2019,64.375
11/3/2019,
11/2/2019,
11/1/2019,63.955
10/31/2019,62.19
10/30/2019,60.815
10/29/2019,60.8225
10/28/2019,62.2625
10/27/2019,
10/26/2019,
10/25/2019,61.645
10/24/2019,60.895
10/23/2019,60.795
10/22/2019,59.99
10/21/2019,60.1275
10/20/2019,
10/19/2019,
10/18/2019,59.1025
10/17/2019,58.82
10/16/2019,58.5925
10/15/2019,58.83
10/14/2019,58.9675
10/13/2019,
10/12/2019,
10/11/2019,59.0525
10/10/2019,57.5225
10/9/2019,56.7575
10/8/2019,56.1
10/7/2019,56.765
10/6/2019,
10/5/2019,
10/4/2019,56.7525
10/3/2019,55.205
10/2/2019,54.74
10/1/2019,56.1475
9/30/2019,55.9925
9/29/2019,
9/28/2019,
9/27/2019,54.705
9/26/2019,54.9725
9/25/2019,55.2575
9/24/2019,54.42
9/23/2019,54.68
9/22/2019,
9/21/2019,
9/20/2019,54.4325
9/19/2019,55.24
9/18/2019,55.6925
9/17/2019,55.175
9/16/2019,54.975
9/15/2019,
9/14/2019,
9/13/2019,54.6875
9/12/2019,55.7713
9/11/2019,55.8975
9/10/2019,54.175
9/9/2019,53.5425
9/8/2019,
9/7/2019,
9/6/2019,53.315
9/5/2019,53.32
9/4/2019,52.2975
9/3/2019,51.425
9/2/2019,
9/1/2019,
8/31/2019,
8/30/2019,52.185
8/29/2019,52.2525
8/28/2019,51.3825
8/27/2019,51.04
8/26/2019,51.6225
8/25/2019,
8/24/2019,
8/23/2019,50.66
8/22/2019,53.115
8/21/2019,53.16
8/20/2019,52.59
8/19/2019,52.5875
8/18/2019,
8/17/2019,
8/16/2019,51.625
8/15/2019,50.435
8/14/2019,50.6875
8/13/2019,52.2425
8/12/2019,50.12
8/11/2019,
8/10/2019,
8/9/2019,50.2475
8/8/2019,50.8575
8/7/2019,49.76
8/6/2019,49.25
8/5/2019,48.335
8/4/2019,
8/3/2019,
8/2/2019,51.005
8/1/2019,52.1075
7/31/2019,53.26
7/30/2019,52.195
7/29/2019,52.42
7/28/2019,
7/27/2019,
7/26/2019,51.935
7/25/2019,51.755
7/24/2019,52.1675
7/23/2019,52.21
7/22/2019,51.805
7/21/2019,
7/20/2019,
7/19/2019,50.6475
7/18/2019,51.415
7/17/2019,50.8375
7/16/2019,51.125
7/15/2019,51.3025
7/14/2019,
7/13/2019,
7/12/2019,50.825
7/11/2019,50.4375
7/10/2019,50.8075
7/9/2019,50.31
7/8/2019,50.005
7/7/2019,
7/6/2019,
7/5/2019,51.0575
7/4/2019,
7/3/2019,51.1025
7/2/2019,50.6825
7/1/2019,50.3875
6/30/2019,
6/29/2019,
6/28/2019,49.48
6/27/2019,49.935
6/26/2019,49.95
6/25/2019,48.8925
6/24/2019,49.645
6/23/2019,
6/22/2019,
6/21/2019,49.695
6/20/2019,49.865
6/19/2019,49.4675
6/18/2019,49.6125
6/17/2019,48.4725
6/16/2019,
6/15/2019,
6/14/2019,48.185
6/13/2019,48.5375
6/12/2019,48.5475
6/11/2019,48.7025
6/10/2019,48.145
6/9/2019,
6/8/2019,
6/7/2019,47.5375
6/6/2019,46.305
6/5/2019,45.635
6/4/2019,44.91
6/3/2019,43.325
6/2/2019,
6/1/2019,
5/31/2019,43.7675
5/30/2019,44.575
5/29/2019,44.345
5/28/2019,44.5575
5/27/2019,
5/26/2019,
5/25/2019,
5/24/2019,44.7425
5/23/2019,44.915
5/22/2019,45.695
5/21/2019,46.65
5/20/2019,45.7725
5/19/2019,
5/18/2019,
5/17/2019,47.25
5/16/2019,47.52
5/15/2019,47.73
5/14/2019,47.165
5/13/2019,46.43
5/12/2019,
5/11/2019,
5/10/2019,49.295
5/9/2019,50.18
5/8/2019,50.725
5/7/2019,50.715
5/6/2019,52.12
5/5/2019,
5/4/2019,
5/3/2019,52.9375
5/2/2019,52.2875
5/1/2019,52.63
4/30/2019,50.1675
4/29/2019,51.1525
4/28/2019,
4/27/2019,
4/26/2019,51.075
4/25/2019,51.32
4/24/2019,51.79
4/23/2019,51.87
4/22/2019,51.1325
4/21/2019,
4/20/2019,
4/19/2019,
4/18/2019,50.965
4/17/2019,50.7825
4/16/2019,49.8125
4/15/2019,49.8075
4/14/2019,
4/13/2019,
4/12/2019,49.7175
4/11/2019,49.7375
4/10/2019,50.155
4/9/2019,49.875
4/8/2019,50.025
4/7/2019,
4/6/2019,
4/5/2019,49.25
4/4/2019,48.9225
4/3/2019,48.8375
4/2/2019,48.505
4/1/2019,47.81
3/31/2019,
3/30/2019,
3/29/2019,47.4875
3/28/2019,47.18
3/27/2019,47.1175
3/26/2019,46.6975
3/25/2019,47.185
3/24/2019,
3/23/2019,
3/22/2019,47.7625
3/21/2019,48.7725
3/20/2019,47.04
3/19/2019,46.6325
3/18/2019,47.005
3/17/2019,
3/16/2019,
3/15/2019,46.53
3/14/2019,45.9325
3/13/2019,45.4275
3/12/2019,45.2275
3/11/2019,44.725
3/10/2019,
3/9/2019,
3/8/2019,43.2275
3/7/2019,43.125
3/6/2019,43.63
3/5/2019,43.8825
3/4/2019,43.9625
3/3/2019,
3/2/2019,
3/1/2019,43.7425
2/28/2019,43.2875
2/27/2019,43.7175
2/26/2019,43.5825
2/25/2019,43.5575
2/24/2019,
2/23/2019,
2/22/2019,43.2425
2/21/2019,42.765
2/20/2019,43.0075
2/19/2019,42.7325
2/18/2019,
2/17/2019,
2/16/2019,
2/15/2019,42.605
2/14/2019,42.7
2/13/2019,42.545
2/12/2019,42.7225
2/11/2019,42.3575
2/10/2019,
2/9/2019,
2/8/2019,42.6025
2/7/2019,42.735
2/6/2019,43.56
2/5/2019,43.545
2/4/2019,42.8125
2/3/2019,
2/2/2019,
2/1/2019,41.63
1/31/2019,41.61
1/30/2019,41.3125
1/29/2019,38.67
1/28/2019,39.075
1/27/2019,
1/26/2019,
1/25/2019,39.44
1/24/2019,38.175
1/23/2019,38.48
1/22/2019,38.325
1/21/2019,
1/20/2019,
1/19/2019,
1/18/2019,39.205
1/17/2019,38.965
1/16/2019,38.735
1/15/2019,38.2675
1/14/2019,37.5
1/13/2019,
1/12/2019,
1/11/2019,38.0725
1/10/2019,38.45
1/9/2019,38.3275
1/8/2019,37.6875
1/7/2019,36.9825
1/6/2019,
1/5/2019,
1/4/2019,37.065
1/3/2019,35.5475
1/2/2019,39.48
1/1/2019,
12/31/2018,39.435
12/30/2018,
12/29/2018,
12/28/2018,39.0575
12/27/2018,39.0375
12/26/2018,39.2925
12/25/2018,
12/24/2018,36.7075
12/23/2018,
12/22/2018,
12/21/2018,37.6825
12/20/2018,39.2075
12/19/2018,40.2225
12/18/2018,41.5175
12/17/2018,40.985
12/16/2018,
12/15/2018,
12/14/2018,41.37
12/13/2018,42.7375
12/12/2018,42.275
12/11/2018,42.1575
12/10/2018,42.4
12/9/2018,
12/8/2018,
12/7/2018,42.1225
12/6/2018,43.68
12/5/2018,
12/4/2018,44.1725
12/3/2018,46.205
12/2/2018,
12/1/2018,
11/30/2018,44.645
11/29/2018,44.8875
11/28/2018,45.235
11/27/2018,43.56
11/26/2018,43.655
11/25/2018,
11/24/2018,
11/23/2018,43.0725
11/22/2018,
11/21/2018,44.195
11/20/2018,44.245
11/19/2018,46.465
11/18/2018,
11/17/2018,
11/16/2018,48.3825
11/15/2018,47.8525
11/14/2018,46.7
11/13/2018,48.0575
11/12/2018,48.5425
11/11/2018,
11/10/2018,
11/9/2018,51.1175
11/8/2018,52.1225
11/7/2018,52.4875
11/6/2018,50.9425
11/5/2018,50.3975
11/4/2018,
11/3/2018,
11/2/2018,51.87
11/1/2018,55.555
10/31/2018,54.715
10/30/2018,53.325
10/29/2018,53.06
10/28/2018,
10/27/2018,
10/26/2018,54.075
10/25/2018,54.95
10/24/2018,53.7725
10/23/2018,55.6825
10/22/2018,55.1625
10/21/2018,
10/20/2018,
10/19/2018,54.8275
10/18/2018,54.005
10/17/2018,55.2975
10/16/2018,55.5375
10/15/2018,54.34
10/14/2018,
10/13/2018,
10/12/2018,55.5275
10/11/2018,53.6125
10/10/2018,54.09
10/9/2018,56.7175
10/8/2018,55.9425
10/7/2018,
10/6/2018,
10/5/2018,56.0725
10/4/2018,56.9975
10/3/2018,58.0175
10/2/2018,57.32
10/1/2018,56.815
9/30/2018,
9/29/2018,
9/28/2018,56.435
9/27/2018,56.2375
9/26/2018,55.105
9/25/2018,55.5475
9/24/2018,55.1975
9/23/2018,
9/22/2018,
9/21/2018,54.415
9/20/2018,55.0075
9/19/2018,54.5925
9/18/2018,54.56
9/17/2018,54.47
9/16/2018,
9/15/2018,
9/14/2018,55.96
9/13/2018,56.6025
9/12/2018,55.2675
9/11/2018,55.9625
9/10/2018,54.5825
9/9/2018,
9/8/2018,
9/7/2018,55.325
9/6/2018,55.775
9/5/2018,56.7175
9/4/2018,57.09
9/3/2018,
9/2/2018,
9/1/2018,
8/31/2018,56.9075
8/30/2018,56.2575
8/29/2018,55.745
8/28/2018,54.925
8/27/2018,54.485
8/26/2018,
8/25/2018,
8/24/2018,54.04
8/23/2018,53.8725
8/22/2018,53.7625
8/21/2018,53.76
8/20/2018,53.865
8/19/2018,
8/18/2018,
8/17/2018,54.395
8/16/2018,53.33
8/15/2018,52.56
8/14/2018,52.4375
8/13/2018,52.2175
8/12/2018,
8/11/2018,
8/10/2018,51.8825
8/9/2018,52.22
8/8/2018,51.8125
8/7/2018,51.7775
8/6/2018,52.2675
8/5/2018,
8/4/2018,
8/3/2018,51.9975
8/2/2018,51.8475
8/1/2018,50.375
7/31/2018,47.5725
7/30/2018,47.4775
7/29/2018,
7/28/2018,
7/27/2018,47.745
7/26/2018,48.5525
7/25/2018,48.705
7/24/2018,48.25
7/23/2018,47.9025
7/22/2018,
7/21/2018,
7/20/2018,47.86
7/19/2018,47.97
7/18/2018,47.6
7/17/2018,47.8625
7/16/2018,47.7275
7/15/2018,
7/14/2018,
7/13/2018,47.8325
7/12/2018,47.7575
7/11/2018,46.97
7/10/2018,47.5875
7/9/2018,47.645
7/8/2018,
7/7/2018,
7/6/2018,46.9925
7/5/2018,46.35
7/4/2018,
7/3/2018,45.98
7/2/2018,46.795
7/1/2018,
6/30/2018,
6/29/2018,46.2775
6/28/2018,46.375
6/27/2018,46.04
6/26/2018,46.1075
6/25/2018,45.5425
6/24/2018,
6/23/2018,
6/22/2018,46.23
6/21/2018,46.365
6/20/2018,46.625
6/19/2018,46.4225
6/18/2018,47.185
6/17/2018,
6/16/2018,
6/15/2018,47.21
6/14/2018,47.7
6/13/2018,47.675
6/12/2018,48.07
6/11/2018,47.8075
6/10/2018,
6/9/2018,
6/8/2018,47.925
6/7/2018,48.365
6/6/2018,48.495
6/5/2018,48.3275
6/4/2018,47.9575
6/3/2018,
6/2/2018,
6/1/2018,47.56
5/31/2018,46.7175
5/30/2018,46.875
5/29/2018,46.975
5/28/2018,
5/27/2018,
5/26/2018,
5/25/2018,47.145
5/24/2018,47.0375
5/23/2018,47.09
5/22/2018,46.79
5/21/2018,46.9075
5/20/2018,
5/19/2018,
5/18/2018,46.5775
5/17/2018,46.7475
5/16/2018,47.045
5/15/2018,46.61
5/14/2018,47.0375
5/13/2018,
5/12/2018,
5/11/2018,47.1475
5/10/2018,47.51
5/9/2018,46.84
5/8/2018,46.5125
5/7/2018,46.29
5/6/2018,
5/5/2018,
5/4/2018,45.9575
5/3/2018,44.2225
5/2/2018,44.1425
5/1/2018,42.275
4/30/2018,41.315
4/29/2018,
4/28/2018,
4/27/2018,40.58
4/26/2018,41.055
4/25/2018,40.9125
4/24/2018,40.735
4/23/2018,41.31
4/22/2018,
4/21/2018,
4/20/2018,41.43
4/19/2018,43.2
4/18/2018,44.46
4/17/2018,44.56
4/16/2018,43.955
4/15/2018,
4/14/2018,
4/13/2018,43.6825
4/12/2018,43.535
4/11/2018,43.11
4/10/2018,43.3125
4/9/2018,42.5125
4/8/2018,
4/7/2018,
4/6/2018,42.095
4/5/2018,43.2
4/4/2018,42.9025
4/3/2018,42.0975
4/2/2018,41.67
4/1/2018,
3/31/2018,
3/30/2018,
3/29/2018,41.945
3/28/2018,41.62
3/27/2018,42.085
3/26/2018,43.1925
3/25/2018,
3/24/2018,
3/23/2018,41.235
3/22/2018,42.2125
3/21/2018,42.8175
3/20/2018,43.81
3/19/2018,43.825
3/18/2018,
3/17/2018,
3/16/2018,44.505
3/15/2018,44.6625
3/14/2018,44.61
3/13/2018,44.9925
3/12/2018,45.43
3/11/2018,
3/10/2018,
3/9/2018,44.995
3/8/2018,44.235
3/7/2018,43.7575
3/6/2018,44.1675
3/5/2018,44.205
3/4/2018,
3/3/2018,
3/2/2018,44.0525
3/1/2018,43.75
2/28/2018,44.53
2/27/2018,44.5975
2/26/2018,44.7425
2/25/2018,
2/24/2018,
2/23/2018,43.875
2/22/2018,43.125
2/21/2018,42.7675
2/20/2018,42.9625
2/19/2018,
2/18/2018,
2/17/2018,
2/16/2018,43.1075
2/15/2018,43.2475
2/14/2018,41.8425
2/13/2018,41.085
2/12/2018,40.6775
2/11/2018,
2/10/2018,
2/9/2018,39.1025
2/8/2018,38.7875
2/7/2018,39.885
2/6/2018,40.7575
2/5/2018,39.1225
2/4/2018,
2/3/2018,
2/2/2018,40.125
2/1/2018,41.945
1/31/2018,41.8575
1/30/2018,41.7425
1/29/2018,41.99
1/28/2018,
1/27/2018,
1/26/2018,42.8775
1/25/2018,42.7775
1/24/2018,43.555
1/23/2018,44.26
1/22/2018,44.25
1/21/2018,
1/20/2018,
1/19/2018,44.615
1/18/2018,44.815
1/17/2018,44.775
1/16/2018,44.0475
1/15/2018,
1/14/2018,
1/13/2018,
1/12/2018,44.2725
1/11/2018,43.82
1/10/2018,43.5725
1/9/2018,43.5825
1/8/2018,43.5875
1/7/2018,
1/6/2018,
1/5/2018,43.75
1/4/2018,43.2575
1/3/2018,43.0575
1/2/2018,43.065
1/1/2018,
12/31/2017,
12/30/2017,
12/29/2017,42.3075
12/28/2017,42.77
12/27/2017,42.65
12/26/2017,42.6425
12/25/2017,
12/24/2017,
12/23/2017,
12/22/2017,43.7525
12/21/2017,43.7525
12/20/2017,43.5875
12/19/2017,43.635
12/18/2017,44.105
12/17/2017,
12/16/2017,
12/15/2017,43.4925
12/14/2017,43.055
12/13/2017,43.0675
12/12/2017,42.925
12/11/2017,43.1675
12/10/2017,
12/9/2017,
12/8/2017,42.3425
12/7/2017,42.33
12/6/2017,42.2525
12/5/2017,42.41
12/4/2017,42.45
12/3/2017,
12/2/2017,
12/1/2017,42.7625
11/30/2017,42.9625
11/29/2017,42.37
11/28/2017,43.2675
11/27/2017,43.5225
11/26/2017,
11/25/2017,
11/24/2017,43.7425
11/23/2017,
11/22/2017,43.74
11/21/2017,43.285
11/20/2017,42.495
11/19/2017,
11/18/2017,
11/17/2017,42.5375
11/16/2017,42.775
11/15/2017,42.27
11/14/2017,42.835
11/13/2017,43.4925
11/12/2017,
11/11/2017,
11/10/2017,43.6675
11/9/2017,43.97
11/8/2017,44.06
11/7/2017,43.7025
11/6/2017,43.5625
11/5/2017,
11/4/2017,
11/3/2017,43.125
11/2/2017,42.0275
11/1/2017,41.7225
10/31/2017,42.26
10/30/2017,41.68
10/29/2017,
10/28/2017,
10/27/2017,40.7625
10/26/2017,39.3525
10/25/2017,39.1025
10/24/2017,39.275
10/23/2017,39.0425
10/22/2017,
10/21/2017,
10/20/2017,39.0625
10/19/2017,38.995
10/18/2017,39.94
10/17/2017,40.1175
10/16/2017,39.97
10/15/2017,
10/14/2017,
10/13/2017,39.2475
10/12/2017,39
10/11/2017,39.1375
10/10/2017,38.975
10/9/2017,38.96
10/8/2017,
10/7/2017,
10/6/2017,38.825
10/5/2017,38.8475
10/4/2017,38.37
10/3/2017,38.62
10/2/2017,38.4525
10/1/2017,
9/30/2017,
9/29/2017,38.53
9/28/2017,38.32
9/27/2017,38.5575
9/26/2017,38.285
9/25/2017,37.6375
9/24/2017,
9/23/2017,
9/22/2017,37.9725
9/21/2017,38.3475
9/20/2017,39.0175
9/19/2017,39.6825
9/18/2017,39.6675
9/17/2017,
9/16/2017,
9/15/2017,39.97
9/14/2017,39.57
9/13/2017,39.9125
9/12/2017,40.215
9/11/2017,40.375
9/10/2017,
9/9/2017,
9/8/2017,39.6575
9/7/2017,40.315
9/6/2017,40.4775
9/5/2017,40.52
9/4/2017,
9/3/2017,
9/2/2017,
9/1/2017,41.0125
8/31/2017,41
8/30/2017,40.8375
8/29/2017,40.7275
8/28/2017,40.3675
8/27/2017,
8/26/2017,
8/25/2017,39.965
8/24/2017,39.8175
8/23/2017,39.995
8/22/2017,39.945
8/21/2017,39.3025
8/20/2017,
8/19/2017,
8/18/2017,39.375
8/17/2017,39.465
8/16/2017,40.2375
8/15/2017,40.4
8/14/2017,39.9625
8/13/2017,
8/12/2017,
8/11/2017,39.37
8/10/2017,38.83
8/9/2017,40.265
8/8/2017,40.02
8/7/2017,39.7025
8/6/2017,
8/5/2017,
8/4/2017,39.0975
8/3/2017,38.8925
8/2/2017,39.285
8/1/2017,37.5125
7/31/2017,37.1825
7/30/2017,
7/29/2017,
7/28/2017,37.375
7/27/2017,37.64
7/26/2017,38.365
7/25/2017,38.185
7/24/2017,38.0225
7/23/2017,
7/22/2017,
7/21/2017,37.5675
7/20/2017,37.585
7/19/2017,37.755
7/18/2017,37.52
7/17/2017,37.39
7/16/2017,
7/15/2017,
7/14/2017,37.26
7/13/2017,36.9425
7/12/2017,36.435
7/11/2017,36.3825
7/10/2017,36.265
7/9/2017,
7/8/2017,
7/7/2017,36.045
7/6/2017,35.6825
7/5/2017,36.0225
7/4/2017,
7/3/2017,35.875
7/2/2017,
7/1/2017,
6/30/2017,36.005
6/29/2017,35.92
6/28/2017,36.4575
6/27/2017,35.9325
6/26/2017,36.455
6/25/2017,
6/24/2017,
6/23/2017,36.57
6/22/2017,36.4075
6/21/2017,36.4675
6/20/2017,36.2525
6/19/2017,36.585
6/18/2017,
6/17/2017,
6/16/2017,35.5675
6/15/2017,36.0725
6/14/2017,36.29
6/13/2017,36.6475
6/12/2017,36.355
6/11/2017,
6/10/2017,
6/9/2017,37.245
6/8/2017,38.7475
6/7/2017,38.8425
6/6/2017,38.6125
6/5/2017,38.4825
6/4/2017,
6/3/2017,
6/2/2017,38.8625
6/1/2017,38.295
5/31/2017,38.19
5/30/2017,38.4175
5/29/2017,
5/28/2017,
5/27/2017,
5/26/2017,38.4025
5/25/2017,38.4675
5/24/2017,38.335
5/23/2017,38.45
5/22/2017,38.4975
5/21/2017,
5/20/2017,
5/19/2017,38.265
5/18/2017,38.135
5/17/2017,37.5625
5/16/2017,38.8675
5/15/2017,38.925
5/14/2017,
5/13/2017,
5/12/2017,39.025
5/11/2017,38.4875
5/10/2017,38.315
5/9/2017,38.4975
5/8/2017,38.2525
5/7/2017,
5/6/2017,
5/5/2017,37.24
5/4/2017,36.6325
5/3/2017,36.765
5/2/2017,36.8775
5/1/2017,36.645
4/30/2017,
4/29/2017,
4/28/2017,35.9125
4/27/2017,35.9475
4/26/2017,35.92
4/25/2017,36.1325
4/24/2017,35.91
4/23/2017,
4/22/2017,
4/21/2017,35.5675
4/20/2017,35.61
4/19/2017,35.17
4/18/2017,35.3
4/17/2017,35.4575
4/16/2017,
4/15/2017,
4/14/2017,
4/13/2017,35.2625
4/12/2017,35.45
4/11/2017,35.4075
4/10/2017,35.7925
4/9/2017,
4/8/2017,
4/7/2017,35.835
4/6/2017,35.915
4/5/2017,36.005
4/4/2017,36.1925
4/3/2017,35.925
4/2/2017,
4/1/2017,
3/31/2017,35.915
3/30/2017,35.9825
3/29/2017,36.03
3/28/2017,35.95
3/27/2017,35.22
3/26/2017,
3/25/2017,
3/24/2017,35.16
3/23/2017,35.23
3/22/2017,35.355
3/21/2017,34.96
3/20/2017,35.365
3/19/2017,
3/18/2017,
3/17/2017,34.9975
3/16/2017,35.1725
3/15/2017,35.115
3/14/2017,34.7475
3/13/2017,34.8
3/12/2017,
3/11/2017,
3/10/2017,34.785
3/9/2017,34.67
3/8/2017,34.75
3/7/2017,34.88
3/6/2017,34.835
3/5/2017,
3/4/2017,
3/3/2017,34.945
3/2/2017,34.74
3/1/2017,34.9475
2/28/2017,34.2475
2/27/2017,34.2325
2/26/2017,
2/25/2017,
2/24/2017,34.165
2/23/2017,34.1325
2/22/2017,34.2775
2/21/2017,34.175
2/20/2017,
2/19/2017,
2/18/2017,
2/17/2017,33.93
2/16/2017,33.8363
2/15/2017,33.8775
2/14/2017,33.755
2/13/2017,33.3225
2/12/2017,
2/11/2017,
2/10/2017,33.03
2/9/2017,33.105
2/8/2017,33.01
2/7/2017,32.8825
2/6/2017,32.5725
2/5/2017,
2/4/2017,
2/3/2017,32.27
2/2/2017,32.1325
2/1/2017,32.1875
1/31/2017,30.3375
1/30/2017,30.4075
1/29/2017,
1/28/2017,
1/27/2017,30.4875
1/26/2017,30.485
1/25/2017,30.47
1/24/2017,29.9925
1/23/2017,30.02
1/22/2017,
1/21/2017,
1/20/2017,30
1/19/2017,29.945
1/18/2017,29.9975
1/17/2017,30
1/16/2017,
1/15/2017,
1/14/2017,
1/13/2017,29.76
1/12/2017,29.8125
1/11/2017,29.9375
1/10/2017,29.7775
1/9/2017,29.7475
1/8/2017,
1/7/2017,
1/6/2017,29.4775
1/5/2017,29.1525
1/4/2017,29.005
1/3/2017,29.0375
1/2/2017,
1/1/2017,
12/31/2016,
12/30/2016,28.955
12/29/2016,29.1825
12/28/2016,29.19
12/27/2016,29.315
12/26/2016,
12/25/2016,
12/24/2016,
12/23/2016,29.13
12/22/2016,29.0725
12/21/2016,29.265
12/20/2016,29.2375
12/19/2016,29.16
12/18/2016,
12/17/2016,
12/16/2016,28.9925
12/15/2016,28.955
12/14/2016,28.7975
12/13/2016,28.7975
12/12/2016,28.325
12/11/2016,
12/10/2016,
12/9/2016,28.4875
12/8/2016,28.03
12/7/2016,27.7575
12/6/2016,27.4875
12/5/2016,27.2775
12/4/2016,
12/3/2016,
12/2/2016,27.475
12/1/2016,27.3725
11/30/2016,27.63
11/29/2016,27.865
11/28/2016,27.8925
11/27/2016,
11/26/2016,
11/25/2016,27.9475
11/24/2016,
11/23/2016,27.8075
11/22/2016,27.95
11/21/2016,27.9325
11/20/2016,
11/19/2016,
11/18/2016,27.515
11/17/2016,27.4875
11/16/2016,27.4975
11/15/2016,26.7775
11/14/2016,26.4275
11/13/2016,
11/12/2016,
11/11/2016,27.1075
11/10/2016,26.9475
11/9/2016,27.72
11/8/2016,27.765
11/7/2016,27.6025
11/6/2016,
11/5/2016,
11/4/2016,27.21
11/3/2016,27.4575
11/2/2016,27.8975
11/1/2016,27.8725
10/31/2016,28.385
10/30/2016,
10/29/2016,
10/28/2016,28.43
10/27/2016,28.62
10/26/2016,28.8975
10/25/2016,29.5625
10/24/2016,29.4125
10/23/2016,
10/22/2016,
10/21/2016,29.15
10/20/2016,29.265
10/19/2016,29.28
10/18/2016,29.3675
10/17/2016,29.3875
10/16/2016,
10/15/2016,
10/14/2016,29.4075
10/13/2016,29.245
10/12/2016,29.335
10/11/2016,29.075
10/10/2016,29.0125
10/9/2016,
10/8/2016,
10/7/2016,28.515
10/6/2016,28.4725
10/5/2016,28.2625
10/4/2016,28.25
10/3/2016,28.13
10/2/2016,
10/1/2016,
9/30/2016,28.2625
9/29/2016,28.045
9/28/2016,28.4875
9/27/2016,28.2725
9/26/2016,28.22
9/25/2016,
9/24/2016,
9/23/2016,28.1775
9/22/2016,28.655
9/21/2016,28.3875
9/20/2016,28.3925
9/19/2016,28.395
9/18/2016,
9/17/2016,
9/16/2016,28.73
9/15/2016,28.8925
9/14/2016,27.9425
9/13/2016,26.9875
9/12/2016,26.36
9/11/2016,
9/10/2016,
9/9/2016,25.7825
9/8/2016,26.38
9/7/2016,27.09
9/6/2016,26.925
9/5/2016,
9/4/2016,
9/3/2016,
9/2/2016,26.9325
9/1/2016,26.6825
8/31/2016,26.525
8/30/2016,26.5
8/29/2016,26.705
8/28/2016,
8/27/2016,
8/26/2016,26.735
8/25/2016,26.8925
8/24/2016,27.0075
8/23/2016,27.2125
8/22/2016,27.1275
8/21/2016,
8/20/2016,
8/19/2016,27.34
8/18/2016,27.27
8/17/2016,27.305
8/16/2016,27.345
8/15/2016,27.37
8/14/2016,
8/13/2016,
8/12/2016,27.045
8/11/2016,26.9825
8/10/2016,27
8/9/2016,27.2025
8/8/2016,27.0925
8/7/2016,
8/6/2016,
8/5/2016,26.87
8/4/2016,26.4675
8/3/2016,26.4475
8/2/2016,26.12
8/1/2016,26.5125
7/31/2016,
7/30/2016,
7/29/2016,26.0525
7/28/2016,26.085
7/27/2016,25.7375
7/26/2016,24.1675
7/25/2016,24.335
7/24/2016,
7/23/2016,
7/22/2016,24.665
7/21/2016,24.8575
7/20/2016,24.99
7/19/2016,24.9675
7/18/2016,24.9575
7/17/2016,
7/16/2016,
7/15/2016,24.695
7/14/2016,24.6975
7/13/2016,24.2175
7/12/2016,24.355
7/11/2016,24.245
7/10/2016,
7/9/2016,
7/8/2016,24.17
7/7/2016,23.985
7/6/2016,23.8825
7/5/2016,23.7475
7/4/2016,
7/3/2016,
7/2/2016,
7/1/2016,23.9725
6/30/2016,23.9
6/29/2016,23.6
6/28/2016,23.3975
6/27/2016,23.01
6/26/2016,
6/25/2016,
6/24/2016,23.35
6/23/2016,24.025
6/22/2016,23.8875
6/21/2016,23.9775
6/20/2016,23.775
6/19/2016,
6/18/2016,
6/17/2016,23.8325
6/16/2016,24.3875
6/15/2016,24.285
6/14/2016,24.365
6/13/2016,24.335
6/12/2016,
6/11/2016,
6/10/2016,24.7075
6/9/2016,24.9125
6/8/2016,24.735
6/7/2016,24.7575
6/6/2016,24.6575
6/5/2016,
6/4/2016,
6/3/2016,24.48
6/2/2016,24.43
6/1/2016,24.615
5/31/2016,24.965
5/30/2016,
5/29/2016,
5/28/2016,
5/27/2016,25.0875
5/26/2016,25.1025
5/25/2016,24.905
5/24/2016,24.475
5/23/2016,24.1075
5/22/2016,
5/21/2016,
5/20/2016,23.805
5/19/2016,23.55
5/18/2016,23.64
5/17/2016,23.3725
5/16/2016,23.47
5/15/2016,
5/14/2016,
5/13/2016,22.63
5/12/2016,22.585
5/11/2016,23.1275
5/10/2016,23.355
5/9/2016,23.1975
5/8/2016,
5/7/2016,
5/6/2016,23.18
5/5/2016,23.31
5/4/2016,23.5475
5/3/2016,23.795
5/2/2016,23.41
5/1/2016,
4/30/2016,
4/29/2016,23.435
4/28/2016,23.7075
4/27/2016,24.455
4/26/2016,26.0875
4/25/2016,26.27
4/24/2016,
4/23/2016,
4/22/2016,26.42
4/21/2016,26.4925
4/20/2016,26.7825
4/19/2016,26.7275
4/18/2016,26.87
4/17/2016,
4/16/2016,
4/15/2016,27.4625
4/14/2016,28.025
4/13/2016,28.01
4/12/2016,27.61
4/11/2016,27.255
4/10/2016,
4/9/2016,
4/8/2016,27.165
4/7/2016,27.135
4/6/2016,27.74
4/5/2016,27.4525
4/4/2016,27.78
4/3/2016,
4/2/2016,
4/1/2016,27.4975
3/31/2016,27.2475
3/30/2016,27.39
3/29/2016,26.92
3/28/2016,26.2975
3/27/2016,
3/26/2016,
3/25/2016,
3/24/2016,26.4175
3/23/2016,26.5325
3/22/2016,26.68
3/21/2016,26.4775
3/20/2016,
3/19/2016,
3/18/2016,26.48
3/17/2016,26.45
3/16/2016,26.4925
3/15/2016,26.145
3/14/2016,25.63
3/13/2016,
3/12/2016,
3/11/2016,25.565
3/10/2016,25.2925
3/9/2016,25.28
3/8/2016,25.2575
3/7/2016,25.4675
3/6/2016,
3/5/2016,
3/4/2016,25.7525
3/3/2016,25.375
3/2/2016,25.1875
3/1/2016,25.1325
2/29/2016,24.1725
2/28/2016,
2/27/2016,
2/26/2016,24.2275
2/25/2016,24.19
2/24/2016,24.025
2/23/2016,23.6725
2/22/2016,24.22
2/21/2016,
2/20/2016,
2/19/2016,24.01
2/18/2016,24.065
2/17/2016,24.53
2/16/2016,24.16
2/15/2016,
2/14/2016,
2/13/2016,
2/12/2016,23.4975
2/11/2016,23.425
2/10/2016,23.5675
2/9/2016,23.7475
2/8/2016,23.7525
2/7/2016,
2/6/2016,
2/5/2016,23.505
2/4/2016,24.15
2/3/2016,24.0875
2/2/2016,23.62
2/1/2016,24.1075
1/31/2016,
1/30/2016,
1/29/2016,24.335
1/28/2016,23.5225
1/27/2016,23.355
1/26/2016,24.9975
1/25/2016,24.86
1/24/2016,
1/23/2016,
1/22/2016,25.355
1/21/2016,24.075
1/20/2016,24.1975
1/19/2016,24.165
1/18/2016,
1/17/2016,
1/16/2016,
1/15/2016,24.2825
1/14/2016,24.88
1/13/2016,24.3475
1/12/2016,24.99
1/11/2016,24.6325
1/10/2016,
1/9/2016,
1/8/2016,24.24
1/7/2016,24.1125
1/6/2016,25.175
1/5/2016,25.6775
1/4/2016,26.3375
1/3/2016,
1/2/2016,
1/1/2016,
12/31/2015,26.315
12/30/2015,26.83
12/29/2015,27.185
12/28/2015,26.705
12/27/2015,
12/26/2015,
12/25/2015,
12/24/2015,27.0075
12/23/2015,27.1525
12/22/2015,26.8075
12/21/2015,26.8325
12/20/2015,
12/19/2015,
12/18/2015,26.5075
12/17/2015,27.245
12/16/2015,27.835
12/15/2015,27.6225
12/14/2015,28.12
12/13/2015,
12/12/2015,
12/11/2015,28.295
12/10/2015,29.0425
12/9/2015,28.905
12/8/2015,29.5575
12/7/2015,29.57
12/6/2015,
12/5/2015,
12/4/2015,29.7575
12/3/2015,28.8
12/2/2015,29.07
12/1/2015,29.335
11/30/2015,29.575
11/29/2015,
11/28/2015,
11/27/2015,29.4525
11/26/2015,
11/25/2015,29.5075
11/24/2015,29.72
11/23/2015,29.4375
11/22/2015,
11/21/2015,
11/20/2015,29.825
11/19/2015,29.695
11/18/2015,29.3225
11/17/2015,28.4225
11/16/2015,28.5437
11/15/2015,
11/14/2015,
11/13/2015,28.085
11/12/2015,28.93
11/11/2015,29.0275
11/10/2015,29.1925
11/9/2015,30.1425
11/8/2015,
11/7/2015,
11/6/2015,30.265
11/5/2015,30.23
11/4/2015,30.5
11/3/2015,30.6425
11/2/2015,30.295
11/1/2015,
10/31/2015,
10/30/2015,29.875
10/29/2015,30.1325
10/28/2015,29.8175
10/27/2015,28.6375
10/26/2015,28.82
10/25/2015,
10/24/2015,
10/23/2015,29.77
10/22/2015,28.875
10/21/2015,28.44
10/20/2015,28.4425
10/19/2015,27.9325
10/18/2015,
10/17/2015,
10/16/2015,27.76
10/15/2015,27.965
10/14/2015,27.5525
10/13/2015,27.9475
10/12/2015,27.9
10/11/2015,
10/10/2015,
10/9/2015,28.03
10/8/2015,27.375
10/7/2015,27.695
10/6/2015,27.8275
10/5/2015,27.695
10/4/2015,
10/3/2015,
10/2/2015,27.595
10/1/2015,27.395
9/30/2015,27.575
9/29/2015,27.265
9/28/2015,28.11
9/27/2015,
9/26/2015,
9/25/2015,28.6775
9/24/2015,28.75
9/23/2015,28.58
9/22/2015,28.35
9/21/2015,28.8025
9/20/2015,
9/19/2015,
9/18/2015,28.3625
9/17/2015,28.48
9/16/2015,29.1025
9/15/2015,29.07
9/14/2015,28.8275
9/13/2015,
9/12/2015,
9/11/2015,28.5525
9/10/2015,28.1425
9/9/2015,27.5375
9/8/2015,28.0775
9/7/2015,
9/6/2015,
9/5/2015,
9/4/2015,27.3175
9/3/2015,27.5925
9/2/2015,28.085
9/1/2015,26.93
8/31/2015,28.19
8/30/2015,
8/29/2015,
8/28/2015,28.3225
8/27/2015,28.23
8/26/2015,27.4225
8/25/2015,25.935
8/24/2015,25.78
8/23/2015,
8/22/2015,
8/21/2015,26.44
8/20/2015,28.1625
8/19/2015,28.7525
8/18/2015,29.125
8/17/2015,29.29
8/16/2015,
8/15/2015,
8/14/2015,28.99
8/13/2015,28.7875
8/12/2015,28.81
8/11/2015,28.3725
8/10/2015,29.93
8/9/2015,
8/8/2015,
8/7/2015,28.88
8/6/2015,28.7825
8/5/2015,28.85
8/4/2015,28.66
8/3/2015,29.61
8/2/2015,
8/1/2015,
7/31/2015,30.325
7/30/2015,30.5925
7/29/2015,30.7475
7/28/2015,30.845
7/27/2015,30.6925
7/26/2015,
7/25/2015,
7/24/2015,31.125
7/23/2015,31.29
7/22/2015,31.305
7/21/2015,32.6875
7/20/2015,33.0175
7/19/2015,
7/18/2015,
7/17/2015,32.405
7/16/2015,32.1275
7/15/2015,31.705
7/14/2015,31.4025
7/13/2015,31.415
7/12/2015,
7/11/2015,
7/10/2015,30.82
7/9/2015,30.0175
7/8/2015,30.6425
7/7/2015,31.4225
7/6/2015,31.5
7/5/2015,
7/4/2015,
7/3/2015,
7/2/2015,31.61
7/1/2015,31.65
6/30/2015,31.3562
6/29/2015,31.1325
6/28/2015,
6/27/2015,
6/26/2015,31.6875
6/25/2015,31.875
6/24/2015,32.0275
6/23/2015,31.7575
6/22/2015,31.9025
6/21/2015,
6/20/2015,
6/19/2015,31.65
6/18/2015,31.97
6/17/2015,31.825
6/16/2015,31.9
6/15/2015,31.73
6/14/2015,
6/13/2015,
6/12/2015,31.7925
6/11/2015,32.1475
6/10/2015,32.22
6/9/2015,31.855
6/8/2015,31.95
6/7/2015,
6/6/2015,
6/5/2015,32.1625
6/4/2015,32.34
6/3/2015,32.53
6/2/2015,32.49
6/1/2015,32.6337
5/31/2015,
5/30/2015,
5/29/2015,32.57
5/28/2015,32.945
5/27/2015,33.0112
5/26/2015,32.405
5/25/2015,
5/24/2015,
5/23/2015,
5/22/2015,33.135
5/21/2015,32.8475
5/20/2015,32.515
5/19/2015,32.5175
5/18/2015,32.5475
5/17/2015,
5/16/2015,
5/15/2015,32.1925
5/14/2015,32.2375
5/13/2015,31.5025
5/12/2015,31.4662
5/11/2015,31.58
5/10/2015,
5/9/2015,
5/8/2015,31.905
5/7/2015,31.315
5/6/2015,31.2525
5/5/2015,31.45
5/4/2015,32.175
5/3/2015,
5/2/2015,
5/1/2015,32.2375
4/30/2015,31.2875
4/29/2015,32.16
4/28/2015,32.64
4/27/2015,33.1625
4/26/2015,
4/25/2015,
4/24/2015,32.57
4/23/2015,32.4175
4/22/2015,32.155
4/21/2015,31.7275
4/20/2015,31.9
4/19/2015,
4/18/2015,
4/17/2015,31.1875
4/16/2015,31.5425
4/15/2015,31.695
4/14/2015,31.575
4/13/2015,31.7125
4/12/2015,
4/11/2015,
4/10/2015,31.775
4/9/2015,31.64
4/8/2015,31.4
4/7/2015,31.5025
4/6/2015,31.8375
4/5/2015,
4/4/2015,
4/3/2015,
4/2/2015,31.33
4/1/2015,31.0625
3/31/2015,31.1075
3/30/2015,31.5925
3/29/2015,
3/28/2015,
3/27/2015,30.8125
3/26/2015,31.06
3/25/2015,30.845
3/24/2015,31.6725
3/23/2015,31.8025
3/22/2015,
3/21/2015,
3/20/2015,31.475
3/19/2015,31.8738
3/18/2015,32.1175
3/17/2015,31.76
3/16/2015,31.2375
3/15/2015,
3/14/2015,
3/13/2015,30.8975
3/12/2015,31.1125
3/11/2015,30.56
3/10/2015,31.1275
3/9/2015,31.785
3/8/2015,
3/7/2015,
3/6/2015,31.65
3/5/2015,31.6025
3/4/2015,32.135
3/3/2015,32.34
3/2/2015,32.2725
3/1/2015,
2/28/2015,
2/27/2015,32.115
2/26/2015,32.6037
2/25/2015,32.1975
2/24/2015,33.0425
2/23/2015,33.25
2/22/2015,
2/21/2015,
2/20/2015,32.3738
2/19/2015,32.1125
2/18/2015,32.1788
2/17/2015,31.9575
2/16/2015,
2/15/2015,
2/14/2015,
2/13/2015,31.77
2/12/2015,31.615
2/11/2015,31.22
2/10/2015,30.505
2/9/2015,29.93
2/8/2015,
2/7/2015,
2/6/2015,29.7325
2/5/2015,29.985
2/4/2015,29.89
2/3/2015,29.6625
2/2/2015,29.6575
2/1/2015,
1/31/2015,
1/30/2015,29.29
1/29/2015,29.725
1/28/2015,28.8275
1/27/2015,27.285
1/26/2015,28.275
1/25/2015,
1/24/2015,
1/23/2015,28.245
1/22/2015,28.1
1/21/2015,27.3875
1/20/2015,27.18
1/19/2015,
1/18/2015,
1/17/2015,
1/16/2015,26.4975
1/15/2015,26.705
1/14/2015,27.45
1/13/2015,27.555
1/12/2015,27.3125
1/11/2015,
1/10/2015,
1/9/2015,28.0025
1/8/2015,27.9725
1/7/2015,26.9375
1/6/2015,26.565
1/5/2015,26.5625
1/4/2015,
1/3/2015,
1/2/2015,27.3325
1/1/2015,
12/31/2014,27.595
12/30/2014,28.13
12/29/2014,28.4775
12/28/2014,
12/27/2014,
12/26/2014,28.4975
12/25/2014,
12/24/2014,28.0025
12/23/2014,28.135
12/22/2014,28.235
12/21/2014,
12/20/2014,
12/19/2014,27.945
12/18/2014,28.1625
12/17/2014,27.3525
12/16/2014,26.6863
12/15/2014,27.0562
12/14/2014,
12/13/2014,
12/12/2014,27.4325
12/11/2014,27.905
12/10/2014,27.9875
12/9/2014,28.53
12/8/2014,28.1
12/7/2014,
12/6/2014,
12/5/2014,28.75
12/4/2014,28.8725
12/3/2014,28.9825
12/2/2014,28.6575
12/1/2014,28.7675
11/30/2014,
11/29/2014,
11/28/2014,29.7325
11/27/2014,
11/26/2014,29.75
11/25/2014,29.4
11/24/2014,29.6563
11/23/2014,
11/22/2014,
11/21/2014,29.1175
11/20/2014,29.0775
11/19/2014,28.6675
11/18/2014,28.8675
11/17/2014,28.4975
11/16/2014,
11/15/2014,
11/14/2014,28.545
11/13/2014,28.205
11/12/2014,27.8125
11/11/2014,27.425
11/10/2014,27.2075
11/9/2014,
11/8/2014,
11/7/2014,27.2525
11/6/2014,27.175
11/5/2014,27.215
11/4/2014,27.15
11/3/2014,27.35
11/2/2014,
11/1/2014,
10/31/2014,27
10/30/2014,26.745
10/29/2014,26.835
10/28/2014,26.685
10/27/2014,26.2775
10/26/2014,
10/25/2014,
10/24/2014,26.305
10/23/2014,26.2075
10/22/2014,25.7475
10/21/2014,25.6175
10/20/2014,24.94
10/19/2014,
10/18/2014,
10/17/2014,24.4175
10/16/2014,24.065
10/15/2014,24.385
10/14/2014,24.6875
10/13/2014,24.9525
10/12/2014,
10/11/2014,
10/10/2014,25.1825
10/9/2014,25.255
10/8/2014,25.2
10/7/2014,24.6875
10/6/2014,24.905
10/5/2014,
10/4/2014,
10/3/2014,24.905
10/2/2014,24.975
10/1/2014,24.795
9/30/2014,25.1875
9/29/2014,25.0275
9/28/2014,
9/27/2014,
9/26/2014,25.1875
9/25/2014,24.4675
9/24/2014,25.4375
9/23/2014,25.66
9/22/2014,25.265
9/21/2014,
9/20/2014,
9/19/2014,25.24
9/18/2014,25.4475
9/17/2014,25.395
9/16/2014,25.215
9/15/2014,25.4075
9/14/2014,
9/13/2014,
9/12/2014,25.415
9/11/2014,25.3575
9/10/2014,25.25
9/9/2014,24.4975
9/8/2014,24.59
9/7/2014,
9/6/2014,
9/5/2014,24.7425
9/4/2014,24.53
9/3/2014,24.735
9/2/2014,25.825
9/1/2014,
8/31/2014,
8/30/2014,
8/29/2014,25.625
8/28/2014,25.5625
8/27/2014,25.5325
8/26/2014,25.2222
8/25/2014,25.385
8/24/2014,
8/23/2014,
8/22/2014,25.33
8/21/2014,25.145
8/20/2014,25.1425
8/19/2014,25.1325
8/18/2014,24.79
8/17/2014,
8/16/2014,
8/15/2014,24.495
8/14/2014,24.375
8/13/2014,24.31
8/12/2014,23.9925
8/11/2014,23.9975
8/10/2014,
8/9/2014,
8/8/2014,23.685
8/7/2014,23.62
8/6/2014,23.74
8/5/2014,23.78
8/4/2014,23.8975
8/3/2014,
8/2/2014,
8/1/2014,24.0325
7/31/2014,23.9
7/30/2014,24.5375
7/29/2014,24.595
7/28/2014,24.755
7/27/2014,
7/26/2014,
7/25/2014,24.4178
7/24/2014,24.2575
7/23/2014,24.2975
7/22/2014,23.68
7/21/2014,23.4847
7/20/2014,
7/19/2014,
7/18/2014,23.6075
7/17/2014,23.2725
7/16/2014,23.695
7/15/2014,23.83
7/14/2014,24.1125
7/13/2014,
7/12/2014,
7/11/2014,23.805
7/10/2014,23.7587
7/9/2014,23.8475
7/8/2014,23.8375
7/7/2014,23.992
7/6/2014,
7/5/2014,
7/4/2014,
7/3/2014,23.5075
7/2/2014,23.37
7/1/2014,23.38
6/30/2014,23.2325
6/29/2014,
6/28/2014,
6/27/2014,22.995
6/26/2014,22.725
6/25/2014,22.59
6/24/2014,22.57
6/23/2014,22.7075
6/22/2014,
6/21/2014,
6/20/2014,22.7275
6/19/2014,22.965
6/18/2014,23.045
6/17/2014,23.02
6/16/2014,23.05
6/15/2014,
6/14/2014,
6/13/2014,22.82
6/12/2014,23.0725
6/11/2014,23.465
6/10/2014,23.5625
6/9/2014,23.425
6/8/2014,
6/7/2014,
6/6/2014,23.0561
6/5/2014,23.1197
6/4/2014,23.0293
6/3/2014,22.7693
6/2/2014,22.4518
6/1/2014,
5/31/2014,
5/30/2014,22.6072
5/29/2014,22.6922
5/28/2014,22.2861
5/27/2014,22.3439
5/26/2014,
5/25/2014,
5/24/2014,
5/23/2014,21.9332
5/22/2014,21.6882
5/21/2014,21.6539
5/20/2014,21.5968
5/19/2014,21.5925
5/18/2014,
5/17/2014,
5/16/2014,21.3397
5/15/2014,21.0293
5/14/2014,21.2097
5/13/2014,21.2057
5/12/2014,21.1725
5/11/2014,
5/10/2014,
5/9/2014,20.9122
5/8/2014,20.9997
5/7/2014,21.1547
5/6/2014,21.2289
5/5/2014,21.4629
5/4/2014,
5/3/2014,
5/2/2014,21.1636
5/1/2014,21.1243
4/30/2014,21.0747
4/29/2014,21.1547
4/28/2014,21.2175
4/27/2014,
4/26/2014,
4/25/2014,20.4264
4/24/2014,20.2775
4/23/2014,18.7411
4/22/2014,18.9893
4/21/2014,18.9704
4/20/2014,
4/19/2014,
4/18/2014,
4/17/2014,18.7479
4/16/2014,18.5361
4/15/2014,18.4986
4/14/2014,18.6314
4/13/2014,
4/12/2014,
4/11/2014,18.5575
4/10/2014,18.6957
4/9/2014,18.94
4/8/2014,18.6943
4/7/2014,18.6954
4/6/2014,
4/5/2014,
4/4/2014,18.9936
4/3/2014,19.2425
4/2/2014,19.3768
4/1/2014,19.3447
3/31/2014,19.1693
3/30/2014,
3/29/2014,
3/28/2014,19.1736
3/27/2014,19.195
3/26/2014,19.2779
3/25/2014,19.4639
3/24/2014,19.2568
3/23/2014,
3/22/2014,
3/21/2014,19.0311
3/20/2014,18.8822
3/19/2014,18.9736
3/18/2014,18.9786
3/17/2014,18.8122
3/16/2014,
3/15/2014,
3/14/2014,18.7389
3/13/2014,18.9518
3/12/2014,19.1647
3/11/2014,19.1461
3/10/2014,18.9614
3/9/2014,
3/8/2014,
3/7/2014,18.9443
3/6/2014,18.9554
3/5/2014,19.0129
3/4/2014,18.9729
3/3/2014,18.8486
3/2/2014,
3/1/2014,
2/28/2014,18.7943
2/27/2014,18.8454
2/26/2014,18.4768
2/25/2014,18.645
2/24/2014,18.8411
2/23/2014,
2/22/2014,
2/21/2014,18.7589
2/20/2014,18.9697
2/19/2014,19.1918
2/18/2014,19.4997
2/17/2014,
2/16/2014,
2/15/2014,
2/14/2014,19.4282
2/13/2014,19.4439
2/12/2014,19.14
2/11/2014,19.1414
2/10/2014,18.8925
2/9/2014,
2/8/2014,
2/7/2014,18.56
2/6/2014,18.3039
2/5/2014,18.3068
2/4/2014,18.1711
2/3/2014,17.9118
2/2/2014,
2/1/2014,
1/31/2014,17.8786
1/30/2014,17.8494
1/29/2014,17.8839
1/28/2014,18.0893
1/27/2014,19.6607
1/26/2014,
1/25/2014,
1/24/2014,19.5025
1/23/2014,19.8636
1/22/2014,19.6968
1/21/2014,19.6097
1/20/2014,
1/19/2014,
1/18/2014,
1/17/2014,19.3097
1/16/2014,19.7947
1/15/2014,19.9057
1/14/2014,19.5139
1/13/2014,19.1332
1/12/2014,
1/11/2014,
1/10/2014,19.0336
1/9/2014,19.1614
1/8/2014,19.4093
1/7/2014,19.2871
1/6/2014,19.4261
1/5/2014,
1/4/2014,
1/3/2014,19.3207
1/2/2014,19.7547
1/1/2014,
12/31/2013,20.0364
12/30/2013,19.8043
12/29/2013,
12/28/2013,
12/27/2013,20.0032
12/26/2013,20.1393
12/25/2013,
12/24/2013,20.2739
12/23/2013,20.3604
12/22/2013,
12/21/2013,
12/20/2013,19.6079
12/19/2013,19.445
12/18/2013,19.6704
12/17/2013,19.8211
12/16/2013,19.9107
12/15/2013,
12/14/2013,
12/13/2013,19.8011
12/12/2013,20.0193
12/11/2013,20.0486
12/10/2013,20.1982
12/9/2013,20.2297
12/8/2013,
12/7/2013,
12/6/2013,20.0007
12/5/2013,20.2822
12/4/2013,20.1786
12/3/2013,20.2258
12/2/2013,19.6868
12/1/2013,
11/30/2013,
11/29/2013,19.8597
11/28/2013,
11/27/2013,19.4986
11/26/2013,19.05
11/25/2013,18.705
11/24/2013,
11/23/2013,
11/22/2013,18.5643
11/21/2013,18.612
